team,confed,off,def,spi
Spain,UEFA,3.3,0.43,92.23
Brazil,CONMEBOL,3.04,0.32,92.22
Belgium,UEFA,3.06,0.56,88.84
Netherlands,UEFA,2.9,0.55,87.66
France,UEFA,2.74,0.48,87.41
Argentina,CONMEBOL,2.54,0.42,86.59
Italy,UEFA,2.55,0.43,86.45
England,UEFA,2.61,0.49,85.99
Germany,UEFA,2.94,0.71,85.4
Portugal,UEFA,2.66,0.57,85.04
Uruguay,CONMEBOL,2.36,0.56,81.8
Switzerland,UEFA,2.47,0.63,81.78
Denmark,UEFA,2.3,0.54,81.5
Colombia,CONMEBOL,2.17,0.54,79.63
Mexico,CONCACAF,2.31,0.71,78.06
Chile,CONMEBOL,2.19,0.72,76.05
Croatia,UEFA,2.26,0.8,75.35
Ecuador,CONMEBOL,2.23,0.79,75.25
USA,CONCACAF,2.08,0.75,73.79
Sweden,UEFA,2.04,0.72,73.58
Algeria,CAF,2.22,0.87,73.34
Serbia,UEFA,2.19,0.85,73.28
Czech Republic,UEFA,2.06,0.78,72.71
Japan,AFC,1.95,0.72,72.07
Austria,UEFA,2.07,0.82,71.99
Morocco,CAF,2.01,0.79,71.73
Russia,UEFA,2.11,0.87,71.46
Poland,UEFA,1.96,0.78,71.05
Venezuela,CONMEBOL,1.87,0.74,70.38
Iran,AFC,1.79,0.68,70.35
Peru,CONMEBOL,1.89,0.77,69.91
Wales,UEFA,1.66,0.62,69.46
Paraguay,CONMEBOL,1.8,0.73,69.26
Norway,UEFA,1.93,0.87,68.46
Turkey,UEFA,2.01,0.96,67.78
Canada,CONCACAF,2.13,1.08,67.36
Australia,AFC,1.92,0.9,67.34
Senegal,CAF,1.56,0.66,66.29
Tunisia,CAF,1.73,0.84,65.26
Ivory Coast,CAF,1.71,0.84,64.98
Greece,UEFA,1.5,0.7,64.11
Ukraine,UEFA,1.65,0.83,63.99
Ghana,CAF,1.52,0.74,63.64
Bosnia and Herzegovina,UEFA,1.72,0.96,62.38
Egypt,CAF,1.61,0.86,62.38
Scotland,UEFA,1.51,0.82,61.43
Nigeria,CAF,1.8,1.08,61.17
South Korea,AFC,1.49,0.82,60.84
Israel,UEFA,1.74,1.09,59.8
Romania,UEFA,1.81,1.16,59.49
Basque Country,UEFA,1.63,1.0,59.32
Finland,UEFA,1.69,1.07,59.0
Hungary,UEFA,1.63,1.03,58.8
Saudi Arabia,AFC,1.75,1.15,58.48
Qatar,AFC,1.69,1.11,58.18
Iraq,AFC,1.34,0.79,58.08
Slovenia,UEFA,1.33,0.8,57.67
Costa Rica,CONCACAF,1.43,0.9,57.61
Uganda,CAF,1.46,0.97,56.63
Northern Ireland,UEFA,1.38,0.9,56.45
Burkina Faso,CAF,1.31,0.83,56.41
Iceland,UEFA,1.51,1.02,56.32
Rep of Ireland,UEFA,1.29,0.82,56.24
Zimbabwe,CAF,1.53,1.05,56.23
North Macedonia,UEFA,1.56,1.11,55.45
Georgia,UEFA,1.35,0.92,55.21
Mali,CAF,1.13,0.74,54.19
Uzbekistan,AFC,1.49,1.11,53.88
Honduras,CONCACAF,1.57,1.2,53.66
Bolivia,CONMEBOL,1.56,1.19,53.44
Zambia,CAF,1.61,1.3,52.04
Panama,CONCACAF,1.3,1.0,52.02
Slovakia,UEFA,1.45,1.16,51.87
Albania,UEFA,1.25,0.98,51.22
Cameroon,CAF,1.19,0.93,50.98
Namibia,CAF,1.06,0.8,50.97
Haiti,CONCACAF,1.47,1.23,50.56
Bahrain,AFC,1.28,1.06,50.11
Montenegro,UEFA,1.32,1.13,49.39
China PR,AFC,1.2,1.02,49.21
Armenia,UEFA,1.53,1.36,49.15
Kosovo,UEFA,1.38,1.22,48.78
Gabon,CAF,1.2,1.06,48.18
Jamaica,CONCACAF,1.34,1.23,47.8
Benin,CAF,1.08,0.97,47.33
Belarus,UEFA,1.34,1.25,47.27
Kenya,CAF,1.16,1.09,46.42
Guinea,CAF,1.25,1.2,46.23
Bulgaria,UEFA,1.12,1.06,46.21
South Africa,CAF,1.31,1.27,46.05
Cape Verde Islands,CAF,1.15,1.1,46.05
Congo DR,CAF,1.22,1.22,45.16
Guatemala,CONCACAF,1.23,1.24,44.79
Tanzania,CAF,1.16,1.17,44.57
Libya,CAF,1.26,1.28,44.47
New Zealand,OFC,1.26,1.3,44.18
Angola,CAF,1.08,1.1,44.15
Congo,CAF,1.05,1.07,44.12
Togo,CAF,1.26,1.31,44.02
United Arab Emirates,AFC,1.3,1.4,43.04
Curacao,CONCACAF,1.29,1.47,41.53
Equatorial Guinea,CAF,1.08,1.23,41.45
El Salvador,CONCACAF,1.05,1.2,41.27
Gambia,CAF,1.13,1.35,40.19
Oman,AFC,1.03,1.23,40.16
Sudan,CAF,1.0,1.19,40.13
Ethiopia,CAF,1.11,1.37,39.27
Jordan,AFC,0.91,1.15,38.64
Luxembourg,UEFA,1.1,1.4,38.37
Madagascar,CAF,1.2,1.52,38.1
Azerbaijan,UEFA,0.91,1.17,38.08
Mauritania,CAF,0.95,1.23,37.96
Liberia,CAF,1.05,1.37,37.46
Malawi,CAF,0.67,0.92,36.97
Kuwait,AFC,1.02,1.38,36.58
Guinea-Bissau,CAF,1.07,1.45,36.54
Syria,AFC,1.34,1.79,36.39
Trinidad and Tobago,CONCACAF,1.09,1.5,35.92
Mozambique,CAF,1.04,1.44,35.85
Rwanda,CAF,0.68,0.98,35.68
Cyprus,UEFA,0.93,1.35,35.07
Botswana,CAF,0.72,1.08,34.78
Cuba,CONCACAF,0.89,1.31,34.58
Niger,CAF,0.97,1.45,34.07
Sierra Leone,CAF,1.05,1.58,33.43
Burundi,CAF,0.88,1.38,33.1
Latvia,UEFA,1.08,1.66,32.97
St. Kitts and Nevis,CONCACAF,1.15,1.76,32.67
Kazakhstan,UEFA,0.91,1.46,32.38
Estonia,UEFA,0.94,1.51,32.26
Lebanon,AFC,0.63,1.09,32.02
Lithuania,UEFA,0.97,1.58,31.77
Vietnam,AFC,0.68,1.19,31.55
Nicaragua,CONCACAF,0.86,1.48,30.76
Lesotho,CAF,0.73,1.3,30.7
Bermuda,CONCACAF,1.17,1.91,30.6
Comoros,CAF,0.93,1.61,30.16
Dominican Republic,CONCACAF,1.01,1.73,30.13
Thailand,AFC,0.9,1.59,29.77
Central African Republic,CAF,1.03,1.81,29.04
North Korea,AFC,0.87,1.59,28.99
Faroe Islands,UEFA,0.9,1.69,28.16
Kyrgyzstan,AFC,0.85,1.62,28.08
Guyana,CONCACAF,1.15,2.1,27.2
Turkmenistan,AFC,0.87,1.73,26.68
Moldova,UEFA,0.81,1.64,26.64
Fiji,OFC,0.67,1.45,26.35
Martinique,CONCACAF,0.94,1.85,26.34
Palestine,AFC,0.73,1.61,25.24
Belize,CONCACAF,0.79,1.73,24.84
Suriname,CONCACAF,0.76,1.71,24.52
Antigua and Barbuda,CONCACAF,1.09,2.2,24.48
Chad,CAF,0.81,1.81,24.19
Malta,UEFA,0.77,1.78,23.51
Solomon Islands,OFC,0.69,1.71,22.71
South Sudan,CAF,0.67,1.69,22.53
Zanzibar,CAF,0.49,1.47,21.39
Tajikistan,AFC,0.76,1.93,21.28
Swaziland,CAF,0.64,1.73,21.27
Puerto Rico,CONCACAF,0.73,1.89,21.11
New Caledonia,OFC,0.69,1.85,20.92
Malaysia,AFC,0.76,1.98,20.71
Barbados,CONCACAF,0.54,1.61,20.53
Dominica,CONCACAF,0.55,1.65,20.29
Eritrea,CAF,0.79,2.1,19.77
Tahiti,OFC,0.81,2.15,19.56
Philippines,AFC,0.72,2.02,19.31
Singapore,AFC,0.65,2.05,17.47
Sao Tome and Principe,CAF,0.8,2.4,16.54
India,AFC,0.54,1.94,16.45
St. Vincent and the Grenadines,CONCACAF,0.7,2.23,16.4
Hong Kong,AFC,0.34,1.57,16.04
Grenada,CONCACAF,0.68,2.22,16.04
Vanuatu,OFC,0.64,2.17,15.99
Mauritius,CAF,0.7,2.31,15.5
St. Lucia,CONCACAF,0.64,2.24,15.12
Yemen,AFC,0.51,2.09,14.29
Liechtenstein,UEFA,0.52,2.39,11.54
Gibraltar,UEFA,0.47,2.3,11.5
Afghanistan,AFC,0.53,2.46,11.07
Aruba,CONCACAF,0.64,2.76,10.68
Andorra,UEFA,0.32,2.08,10.45
Djibouti,CAF,0.64,2.85,10.03
Indonesia,AFC,0.62,2.83,9.93
Myanmar,AFC,0.57,2.71,9.91
Montserrat,CONCACAF,0.81,3.24,9.65
Papua New Guinea,OFC,0.6,2.88,9.16
Somalia,CAF,0.55,2.8,8.97
Cayman Islands,CONCACAF,0.37,2.69,7.23
Seychelles,CAF,0.41,2.8,7.04
Maldives,AFC,0.41,2.81,7.01
Bahamas,CONCACAF,0.67,3.5,6.66
Bangladesh,AFC,0.26,2.49,6.63
French Guiana,CONCACAF,0.52,3.18,6.57
Nepal,AFC,0.22,2.47,6.19
San Marino,UEFA,0.27,2.8,5.39
Chinese Taipei,AFC,0.45,3.48,4.58
Mongolia,AFC,0.21,2.89,4.27
British Virgin Islands,CONCACAF,0.42,3.62,3.88
Bonaire,CONCACAF,0.37,3.59,3.5
Cambodia,AFC,0.28,3.35,3.44
Turks and Caicos Islands,CONCACAF,0.68,4.76,2.75
Guam,AFC,0.51,4.42,2.48
Guadeloupe,CONCACAF,0.2,3.49,2.47
Anguilla,CONCACAF,0.33,3.97,2.33
Brunei,AFC,0.21,3.71,2.13
US Virgin Islands,CONCACAF,0.36,4.24,2.06
Sri Lanka,AFC,0.2,3.81,1.87
Pakistan,AFC,0.2,3.92,1.71
Laos,AFC,0.21,4.11,1.48
Bhutan,AFC,0.22,4.62,0.98
St. Martin,CONCACAF,0.23,4.89,0.81
Sint Maarten,CONCACAF,0.21,4.93,0.74
Tuvalu,OFC,0.38,5.62,0.7
Timor-Leste,AFC,0.33,5.56,0.64
Macau,AFC,0.2,5.11,0.6
Samoa,OFC,0.2,5.78,0.34
Tonga,OFC,0.2,6.08,0.26
